{
    "richard": {
        "Scores": 22, 
        "Name": "Richard", 
        "Questions": [
            "68", 
            "84", 
            "86", 
            "15", 
            "3", 
            "60"
        ], 
        "Time": 1524948056.572824
    }, 
    "barry": {
        "Time": 1524948123.466644, 
        "Name": "Barry", 
        "Questions": [
            "62", 
            "65", 
            "56", 
            "2", 
            "29", 
            "68", 
            "57"
        ], 
        "Scores": 33
    }, 
    "ted": {
        "Time": 1524948131.368302, 
        "Name": "Ted", 
        "Questions": [
            "67", 
            "1", 
            "16", 
            "42", 
            "2", 
            "87", 
            "68", 
            "36", 
            "84", 
            "4", 
            "47", 
            "86", 
            "31", 
            "58", 
            "51", 
            "93", 
            "55", 
            "51", 
            "25", 
            "54", 
            "39", 
            "25", 
            "3", 
            "63", 
            "33", 
            "61", 
            "65", 
            "34", 
            "26", 
            "66"
        ], 
        "Scores": 105
    }, 
    "margie": {
        "Scores": 22, 
        "Name": "Margie", 
        "Questions": [
            "11", 
            "69", 
            "47", 
            "1", 
            "12", 
            "77", 
            "44"
        ], 
        "Time": 1524947999.271632
    }
}